rating,date,content,title
1,11-Nov-20,Worst this is the white box do not buy this one this is the first switch the red box is newer and cheaper if you get on Nintendo.com it is way cheaper than this junk the battery life is horrible on the white box but the red box has way more battery life,DO NOT BUY!
5,10-Nov-20,Love it,Play all the time
5,9-Nov-20,Love it!!! I use it everyday! It was delivered very quickly and in great working order!,Delivery time
4,7-Nov-20,Highly recommend great price for a great product! Wish I came with bigger memory card though. I would advise buying a bigger memory card.,Great product
5,5-Nov-20,Me gust√≥ todo fue a tiempo y eficiente,Excelente
5,4-Nov-20,Likes : Easy to set up & use Fun for all ages depending on games Like that you can buy and download games Portable & tv hook up Love that you can buy multiple controllers and styles Almost like an adult Nintendo DS Battery life is amazing Easy to store and hide / small gaming council I‚Äôm not much of a gamer or into big gaming devices but I LOVE THIS dislikes : Nothing,Love my switch
5,2-Nov-20,Definitely love my switch. I think they‚Äôre pretty overpriced for what they are but an overall great system,Overall great system
5,2-Nov-20,Excelente Llego r√°pido,Excelente compra
3,28-Oct-20,"Expensive, did not include SDCard as advertised.",DID NOT INCLUDE 32 GB SDCARD
5,28-Oct-20,Very pleased with product. Is as described.,Excellent service.
1,26-Oct-20,Did not come with 32 GM memory card as advertised.,Lied About Memory Card
1,26-Oct-20,"First, I'm going to start by saying there are a ton of things to love about the Nintendo Switch. The problem I have has more to do with the service provided by Nintendo. A company is not only judged by what they can produce but how they stand behind their products. I had a game card that started failing shortly after 90 days and so I contacted the Nintendo technical support. I was told the repair would be $30 and an additional $10 in shipping. I was also told it would take 5 weeks time for the repair. Now this is where I need to be pretty blunt. Asking me to pay $40 to repair a game card when the original game was only $49.95 is an absolute rip off and not a sound investment. Furthermore, you don't repair these kinds of game cartridges. Inside the card is usually a single IC chip soldered to a board so the chip can be read by the card reader. Even Intel does not ""repair"" their CPUs or other IC chips so it is easy for me to say Nintendo does not either. If anything, the unit will be replaced, which does not take 5 weeks. At this point, what adds insult to injury is the same game is available on the Nintendo eShop for $59.95. The digital download version of the game does not suffer the same issues with losing your game due to faulty cartridges. The use of digital copies has been huge for movies, and many of them give it to you for free. Nintendo has you pay more and it is a separate purchase as if you did not have the game to begin with. My issue here is I do not have any mechanism to backup my games to protect them without using the same tools used by bootleggers. I should not have to resort to such a tactic and Nintendo should do more to support my investment. Taking this one step further, I have issue with the fact Nintendo does not put any warranty information on the outside packaging so a buyer can be aware before making the decision to purchase their products. Even on Amazon, you are linked to another page and then referred to the manufacturer with no direct link. As a game buyer, whether retail or online, products are not very readily available for inspection. In standard brick-and-mortar stores, you have to get a sales assistant to review the package. Online, you are limited to what the retailer has decided to make available. In any case, I should not find out the details when I am most in need. So if you are buying into this game console ecosystem, there is more to the decision than how exciting their games are because the service is nothing but exciting and are at best reluctant to stand behind their products. I have given this product a single star because my decision to purchase the Nintendo Switch has been met with nothing more than being on my own after spending a lot of money. Excited gamers means lots of sales. Gamers who feel they have been taken advantage of simply have options with other consoles. I think you can guess which category I'm in and I hope you think twice about the company behind this one.",Love Product but Not the Company
5,24-Oct-20,My son wants a switch for Xmas. I knew I had to get one before November and the holiday shopping rush. These things have been in short supply since the beginning of the year. I paid $80 more than I should have. I'm not happy about that. I'm sure it's a great system.  I just don't like paying ridiculous money for things.,I'm sure it's great. Paid 80 bucks over retail.
3,23-Oct-20,"So, the switch is just about perfect. Only problem: it doesn‚Äôt want to connect to any dock. I‚Äôve tried repeatedly and done extensive research, but to no avail. Other than that issue, everything else is nice. The package came unsealed and looked like it had been opened before, which isn‚Äôt what I paid $400+ dollars for. But everything looked well enough that I let it go. If I was really desperate for the dock connectivity, this would have been a no-go, and it would have immediately went back. Luckily, I can live without out it. Just be weary of buying a switch on amazon. 7/10 it‚Äôs done right, but that other 3 you‚Äôll get an switch that is a dud in one way or another.",Doesn‚Äôt connect to dock.
1,22-Oct-20,"they‚Äôre lucky i love my kids more than my money or else i wouldn‚Äôt support price-gougers, everything works fine though, but i also didn‚Äôt get the extra 32gb sd card as they promised","Price-Gouging, Didn‚Äôt Come With Promised SD Card"
5,22-Oct-20,üòÑ,üòä
5,21-Oct-20,"Bought this for my son. Loves it. Good battery life, able to play with several people.",Great value for the money spent.
5,21-Oct-20,It's really a good game for my little brother. But one tiny problem. Does it has to have a 32G SD card? When I open it it got everything but except the SD card. And I don't know if I should contact the owner and tell him. My parents or my brother doesn't know it but if they do. They will be mad.,I would like to no if it really comes with a SD card?
5,21-Oct-20,It's really a good game for my little brother. But one tiny problem. Does it has to have a 32G SD card? When I open it it got everything but except the SD card. And I don't know if I should contact the owner and tell him. My parents or my brother doesn't know it but if they do. They will be mad.,I would like to no if it really comes with a SD card?
4,21-Oct-20,"This is a real switch, It comes in the updated red box. The box included everything but the sd card. I recommend getting a sandisk or samsung card because the 32 gb of internal storage will not be enough.",Does Not come with a micro sd card
1,21-Oct-20,"This product was advertised as BRAND NEW, but the box was clearly opened. Pretty lame for something marked up as high as it is.",NOT in brand new condition
4,20-Oct-20,"Not only is this more expensive than MSRP, which is fair considering a shortage and the fact everyone wants one, but the main issue is that this is supposed to include a 32 gb memory card. It did not, and looking at other reviews, many people have had the same issue. Edit: update, the seller responded to my message, and said they would send the memory card. They were extremely apologetic, so it seems to have been an error of some sort. Will update review and rating again once I receive the memory card. Edit #2: Memory card was delivered, 32 gb micro that was the correct type. Updated to 4 stars, as while issues were corrected, there were still issues. Otherwise, everything works great and would recommend. Just make sure everything is in order when you receive your items.",Missing memory card
5,19-Oct-20,"Overall the product came in great, had it for about a month now and I still have no problems",Simple review
5,19-Oct-20,Standard switch,Great
5,18-Oct-20,Great to see retailers restocking them. Becoming more and more readily available. If you want one head on down and get your switch at a fair price. Switch is an awesome console for home and on the go.,Restock and availability is good again
5,13-Oct-20,bought for my sons 10th birthday. this was literally the only supplier whom did have it ... my son loves it. i also enjoy playing with him we're stuck on super smash bros. üòä,loved it
5,12-Oct-20,Actuallly was a great pirchase and in so glade i bought mine when i did. The prices have gone so far up. So great purchase i really recommend this buy. Received it fast and in perfect condition.,Greatest purchase ive order on here by far
4,11-Oct-20,"Battery life amazing, value for money will be playing for years. It‚Äôs perfect and I usually hate everything.",It‚Äôs exactly what I wanted and more.
3,9-Oct-20,"I was hesitant to purchase due to fear of it not being authentic but it was. It is version 2 & DID NOT come with a memory card, I believe it just means the BUILT-IN STORAGE. Everything looks brand new and is packaged well. Very pleased it came in 2 days, instead of a week as it was estimated with free shipping. Very pleased, but will be returning due to being way overpriced, and the Nintendo store is set to have more in stock soon.","Real Switch, 2 day shipping, Over Priced"
5,7-Oct-20,Great console for both on the go and stationary use. I can keep it plugged in with the dock to my tv or take it on the go without being too worried about battery life.,Great Console
5,7-Oct-20,Great nintendo system love it got it for the wife but the whole family loves it,Great system for all of the family
5,7-Oct-20,My grandson loves it,Fun
5,6-Oct-20,"Bought this for my son and the way he is enjoying it, I must say it is value for money!  Threaten to take it away from him and he gets on his best behavior.  Lol",definitely value for money!
3,6-Oct-20,Great product! My daughter loves it! However after 1 day of use it would not charge. We are exchanging and hopefully will be able to enjoy it once again. Great value if it will charge!!,Did not charge after 1st day
5,6-Oct-20,Mas costoso que en Best Buy pero buen juguete,Muy buen
1,6-Oct-20,Me dieron un mes de garantia y acaba de terminar la garant√≠a hace. 2 s semanas y el Nintendo switch ya no sirve y ahora me dicen que la garant√≠a ya termino page mas de 400 dolares,No trabaja ya el Nintendo switch y dicen que la garant√≠a ya paso
5,5-Oct-20,I can't believe how technology has changed. But you wouldn't believe the sheer joy that this brought my son. It was worth every cent . No more tiny screen mobile devices.,Awesome gift to give you gamer geek.
2,5-Oct-20,not what i thought it would be for the money,review
5,4-Oct-20,"Your browser does not support HTML5 video. Exactly what I wanted, though overpriced. Has excellent battery life, came with all the accessories mentioned, and shipping was quick. This is a legit Nintendo Switch but priced to market value instead of actual value. My husband was very happy to receive this and has had no issues with the function of the device.",Real Nintendo Switch but Overpriced
5,3-Oct-20,"only disliked about the description was the extra memory card didn‚Äôt come with it. you‚Äôll have to message the seller to ask them for a refund or to ship it back to you. but overall everything works prefect. i haven‚Äôt encounter any problem yet, hoping for none since i didn‚Äôt get any protection plan. i had it for almost a week now!",Amazingly satisfied!
4,1-Oct-20,"love it!! although it did not come with the sd card, i still love my switch. obviously its not usually priced at $400 but i get it, everybody wants one. i only gave it 4 stars because of the fact it didnt come with the sd card. but i still love it!!","didnt come with sd card, but still love it!"
1,1-Oct-20,"This is still overpriced at the time, where you can go look elsewhere on amazon and get the switch for 300 dollars like it‚Äôs supposed to be",Trash
1,1-Oct-20,Wasn't clear on what version. Box is for new I received old.,Incorrect description
3,30-Sep-20,Price is too high,"Good product, bad price"
5,28-Sep-20,"I chose to have some fun while at home, now that the kids are all grown and I have some time.  I chose Nintendo because it had a lot more non-violent/non-violent games than Ps4 - (love love Yonder, trying Zelda next). I bought the Switch.  It's FUN!  Super easy to hook up and get started. It's portable, it takes up very little space, it can be handheld like a tablet, it can be used for actual workouts!!, it can hook up to the tv and be multi-functional there too. It's easily adaptive to solo or multi-players in ways I have yet to explore. -  I am loving Yonder, will try Zelda next. Great fun!",Newbie gamer - bought a switch!  Perfect for this ol person!
4,27-Sep-20,The product came MUCH faster than expected by almost a week. Product came in perfect condition. No parts were damaged or non functional. I set everything up in a matter of minutes and everything is great so far. My only concern is that the product is INSANELY expensive. Should‚Äôve at LEAST come with some accessories for this price point,Great product but overly pricy
4,26-Sep-20,"Ok yes the price is way more then it should be, but because I‚Äôve been looking in stores for awhile and none has one this was the best option. It came with everything except the Micro SD card but some people did get one. I hooked it up to my tv and everything is working, my account linked and all I needed to do was redownload my games, but until I get another SD card I can‚Äôt play a lot of them. So yes there is a rick something goes wrong or doesn‚Äôt come with something. The shipping was amazing! Came in 4 days earlier and packaging was good. I haven‚Äôt tested the battery life yet on how long it lasts. So other then the SD card not included and the slight over price it was worth it! Especially since some switches on amazon cost more, this was the lowest I could find but it still went over $400 so be prepared!",All good but a couple problems
5,26-Sep-20,The granddaughters love it.,My granddaughters love it
5,24-Sep-20,Llego en perfecta condition.,Super comoda tama√±o perfecto
3,23-Sep-20,Headline indicates it comes with a memory card but it did not.  That was one reason for paying an elevated price.,No memory card included - false headline
5,23-Sep-20,Many exclusive games and fun for kids and family.  Easy to mobilize and carry with you anywhere,Great Console
5,23-Sep-20,"No memory card, packaged nicely though and nintendo switch works. Was under the impression we got a 32gb memory card with it though",No 32gb memory card.
3,21-Sep-20,"Bought the Switch for Christmas 2017.  It's Sept. 2020 and I just purchased the third set of Joycon.  Bought the 2nd set of Joycon while I sent in the original Joycon in for repair.  Had to buy a third since both left Joycon drift , so we needed a third set.  Nintendo repair service is backed up, so buy  back up Joycon or just don't buy the system in the first place.  It's too bad it's a good system, the  Joycon are just poorly designed and made.",Joycon don't last!
4,21-Sep-20,"I got it for my fiance. She LOVES it. Sadly, I did pay $457 for it.  It works flawlessly, but the price is just outrageous. If you're really interested in getting one, go to your local Gamestop.  You can pick one up for $300 if they're in stock.","Solid product, but way overinflated price wise"
5,21-Sep-20,My son loves it has it since July nothing wrong yet,Nintendo
5,20-Sep-20,Yego completo y fue una buena inversi√≥n,Me gusta
3,19-Sep-20,"Everything about this is great accept the battery life and joycons. The joycons drift like crazy for no reason and the thing lasts a lousy 4 hours on full charge. And this is a handheld so it should last at least 8 hours. Also the dock scratches the screen. At this price there should be less of this. (I'm Mary's son, mary is her account name)",Great but bad for the price.
5,18-Sep-20,good system. Like the parental controls and online options.,Nintendo Switch
5,17-Sep-20,Grandkids loved it!,Great
5,17-Sep-20,It‚Äôs good but a little more pricy than need be. But still a good find,Expensive but nice
5,15-Sep-20,"Everything came perfectly packaged and in excellent condition. My daughter was super happy when she came home and found her package on her bed. She has had no complaints on how the product operates, and for that, I am very happy with my purchase. Thank you!",Just as advertised (:
5,14-Sep-20,Easy enough for my 7yr old to learn and use,Great
1,14-Sep-20,"It's a great game console, and worth having.  This seller is price gouging.  It's only $299 at Target.  Buyer beware!",Price gouging.
5,11-Sep-20,It was a little pricey. Overall a good console.,Good console but pricey
1,10-Sep-20,"People try to take advantage. Don't support this behavior, it's not worth paying more.",Negative review for ridiculous pricing
5,10-Sep-20,Very good definitely will be buying one for a friends birthday,Extremely satisfied
5,9-Sep-20,Gift,Gift
5,7-Sep-20,It works very well,A very good device
5,4-Sep-20,"Kids have loved this and it's kept my wife and I from going completely crazy during this lockdown,  the 3 of them even have learned to share equally",Sanity
2,3-Sep-20,I don't think people should have to pay more than retail for a product. Unless you are desperate to play a game on this system I would suggest patience and wait till they are back in a regular amount of stock. Of course I am not here to judge people who want to spend that kind of money I just personally don't think it is worth and going by the comments some of you seem to regret it. Nintendo just announced next year there will be an updated Switch which to me makes it even less worthwhile.,An updated Nintendo Switch comes out next year.
1,3-Sep-20,"I WAS going to buy one but the price is way to over priced. This is not even Nintendo selling these, a vendor is buy them all up and re-selling them at a horribly high cost. You would be wasting your money buying this even if Is money that you are getting from unemployment /stimulus Check. Please do better and look else where it‚Äôs not worth it",Do not buy this!!!
1,3-Sep-20,It's overpriced and a waste of money. DO NOT BUY WAIT TILL NEXT YEAR!,WAIT TILL NEXT YEAR!
3,2-Sep-20,"The consoles are great, however, the two I ordered didn‚Äôt come with the 32 GB memory card that is advertised that it comes with. You can get these same consoles at Walmart for almost $100 less too. Talk about a scam. Only reason I ordered here was to get the extra memory cards it said it came with but never got them. Save your money and go to Walmart.",Doesn‚Äôt come with everything advertised.
5,1-Sep-20,This was a gift and she sends extremely happy with it.,Special Gift
5,31-Aug-20,"OK. I'm in the military and I'm stationed overseas in the middle east so I saw the estimated delivery time of around 30 days... OK cool I understand its a far place from the U.S.A. but BABYYYYYY 7 WHOLE LIVING DAYS, I had my switch in my hands charged and ready to play. Who shipped this? Jesus? Was it on the main line? Like 7 WHOLE EARTH ROTATING days! I cant even get a text back but they can ship and deliver in 7 WHOLE SWEET BABY JESUS DAYS!?!?! ...... Is this a setup? ... I. AM. CONFUSION.",7 WHOLE DAYS...
5,31-Aug-20,We love it! Lots of fun. I prefer hooking it up to the TV because I like a bigger screen but its also great for long car rides. I recommend getting a glass screen protector for it.,Love it
5,29-Aug-20,I bought this item a month ago and it‚Äôs amazing. The product and packaging was perfect. The cost of this switch I would agree was overpriced. However; I am fully satisfied.,"OVERPRICED, but overall worth it!"
1,29-Aug-20,The Nintendo stopped working 3 weeks after we got it. It will not charge at all. Not only did it stop working but it was nearly 500 dollars not worth it.,Stopped working 3 weeks after
4,27-Aug-20,"As soon as I am able I will remove my former negative review. They responded promptly and apologized for the mishap, as well as assuring me the missing 32GB memory card will be shipped. I was very impressed by their willingness to correct the situation, and feel much better about my purchase.",Update to a former review
5,27-Aug-20,This has helped reduce my stress a lot.,Gotta love Nintendo
5,27-Aug-20,"This is probably one of the better values for the Switch out there, at least from what I've seen.  Haven't had any problems with it so far.  I haven't really taken it out of the dock yet (2020 is not the year for travel so I haven't really needed to), but it works great!",One of the better values out there
5,26-Aug-20,Console did not come with a memory card as advertised. Contacted the seller and informed a memory card would be shipped this week! Came a week early too!,"Fast shipping, and great customer service!"
1,25-Aug-20,Do not buy from this seller. Brought Nintendo switch and card reader stopped working after first time. I returned it now I‚Äôm fighting to get a refund!,Don‚Äôt do it!
5,24-Aug-20,Amazon delivered on time. No problem. Switch unit 2019 price was 299.00 this was twice the price with a SD card added to package. Over priced but hard to get so I paid the price. Happy with the unit. Happy over all.,A little over priced.
5,24-Aug-20,"Thank you seller, Direct Distributer! Everything was in perfect condition! There wasn't an SD card but I didn't really expect there one to be there anyways because of reviews. Package arrived like it said it would, Everything else was great!",Amazing !
5,22-Aug-20,Arrived faster than expected. Love it,Will have got buy a SD card since it‚Äôs only 32GB storage
5,22-Aug-20,"Arrived first day amazon said it would yo my delightful surprise. Perfect condition, looked like it has never been open. Works great no joy con drift so far either! A little expensive but tbh during corona this is one of the best prices out there. Well worth if ur willing to pay the extra money to get it during rona",Appears to be factory new!! Definitely satisfied
1,22-Aug-20,Price gouged and did not come with SD card as advertised...,Don‚Äôt get what you pay for
5,20-Aug-20,My grandchildren enjoy it and use it daily.,My Grandchildren love it and it‚Äôs family friendly sharing.
4,20-Aug-20,No problems works well got here earlier than i thought I have no complaints,No problems here
1,18-Aug-20,Disliked the fact that advertisement says it comes with memory card (that I did NOT recieve).,False advertisement
1,18-Aug-20,Waited for prices to come down a bit so I finally bought it. Finally arrived much later than advertised. And it did not come with a micro SD as advertised.,Micro SD was not included as advertised.
5,14-Aug-20,Really cool console. You can download all sorts of stuff for it and it has a really good battery life. Definitely buy a good memory card for all the games,Really cool console
1,14-Aug-20,The switch worked great but the dock for TV never did work right it was either flashing on or of with no sound or not working ended up having to buy another dock,dock part did not work right at all
5,11-Aug-20,It was a birthday present for my grandson,Cool
5,11-Aug-20,"Product as described, just overpaid.",Supply and demand at its best
5,10-Aug-20,Extremely happy!,Great product!
3,10-Aug-20,"Works perfectly, and noossues with it at all. My only complaint, is that it is way over priced. Wish i would have just went to gamestop.com and got it there instead.",Way over priced
4,9-Aug-20,did not come with an extra 32 sd card so false advertising.  Its against the law to false advertise.  Because only reason i bought this one was because extra sd card.  other wise would have ordered another one.  I paid and extra 15 dollars to get it.  I'm not to happy.  was a pleasant for adoption day and had games to download and not enough space for last game because no extra card.  false advertising is against the law so fix or send the sd card.,not as discriped
5,8-Aug-20,Good. Not a bot,Good
4,8-Aug-20,üëçüèª,üëçüèª
5,7-Aug-20,I play it every day,Something to do during  the lockdown
4,7-Aug-20,It was way over priced do to the pandemic!!! Other then it's a great product.,OVER PRICED
5,7-Aug-20,"My grandson loves this device, I think he's addicted.",Keeps my grandson very occupied.
5,7-Aug-20,Well the good news it that this looks to be the newer version. Bad news is that you pay $100+ over the regular price of 299.00 I did received the SD card which i saw lots of reviews saying they didn‚Äôt. You have to look for it since it is not just out there. They did slide it in the switch box. Over all it is what it is supply and demand. So far the switch box came previously opened and looked fairly new or refurbished? Will continue to use it and it will hopefully continue to go well,Supply and demand
5,5-Aug-20,"I am aware that everyone is complaining about the price due to being able to buy it for $299 in store, but obviously it's difficult to do that when it's in such high demand, and I can understand why! The battery lasts a long time and the graphics and gameplay is great. So far I have Overwatch, Animal Crossing, and Legend of Zelda: BOTW. I'm already obsessed, honestly. 10/10 would recommend.",Worth It
5,5-Aug-20,I received this product in a timely manner and it was just as the shipper promised,nintendo switch
5,4-Aug-20,Gane,Opinion
5,4-Aug-20,My son loves it,We love it thank u
5,3-Aug-20,Love this product!,LIFESAVER
5,3-Aug-20,"This was obviously overpriced compared to what we bought the first switch for at Target but, supply and demand. It arrived as stated and everything seems to be in working order. The constant bickering over whose turn it is has now stopped which has been worth every penny. The box arrived well packed.",Works great!
2,3-Aug-20,Way too expensive and it was missing memory card. The memory card would at least make up for some of the overpricing. Very misleading sale.,Overpriced and missing parts
5,2-Aug-20,I can't speak on this too much personally it was a present for my daughter but she has had every console that has come out in the last 20 years and she cannot stop raving about this. From our perspective it is fantastic,A present for my daughter. Great buy
5,2-Aug-20,My boyfriend wanted one of these soo bad so i finally decided to get it for him and let me tell you that it was the best decision i ever did we used to fight about the ps4 lol but not he plays fortnite with me from the nintendo it takes a long time before the battery dies out and everything is soo portable,Definetly Worth it
1,1-Aug-20,"I've owned Nintendo products my whole life. I was 2 when the NES released and had my first one when I was 6. I love Nintendo consoles and games. I love that I can leave my kids to play with them and not worry about inappropriate content. We bought our first switch just over a year ago. We loved everything about it from the mobility to the graphics. Mario kart became an instant family tradition. Unfortunately, the charging port went out, just after warranty. One thing we've come to love from Nintendo is the durability. I have an original NES that still works. We have a WII that's 15 years old and still going strong. To only get a year out of a $400 console is unacceptable.  I've been told that it likely can't be repaired, as the motherboard is so thin it doesn't accept new soldering without blowing through it. Now we are stuck with a $400 paper weight. Super disappointed.",Expected more
5,1-Aug-20,"The Nintendo Switch! You know it's good it's pretty expensive at the time but that doesn't matter. What matters is that this is Nintendo's best console for this generation and if you're stuck at home bored then play this. It has great games like Smash Ultimate, Breath of the Wild & Animal Crossing New Horizons you can even watch YouTube on here! Honestly Nintendo did an excellent job at making this console despite it being expensive right now. Definitely my 2nd favorite console and would pick this up. Although it is sold out at a lot of places look over here and if it's really desired or you just want a switch cuz well it's a switch would 100% recommend this.",It's a little expensive at the time but still great console
5,31-Jul-20,Nice,Super
5,30-Jul-20,Great company delivered at a good price,Grandson's enjoyment
5,30-Jul-20,Perfect original packaging brand new.,Arrived faster than expected
5,30-Jul-20,Works great! Silly price!,Great product we
5,29-Jul-20,Awesome game and fast delivery,Fast delivery
5,29-Jul-20,My son loves it,Luv it
1,29-Jul-20,Probably someone else's return.  Disappointing.,"unsealed box, didn't work"
5,29-Jul-20,This has been a bright spot during the pandemic for the whole family. Just awesome.,Reliving my childhood.
5,28-Jul-20,I got my Switch and the box and contents were in new condition. Everything turned on well and worked well. I saw others said they didn‚Äôt get their SD card so I wasn‚Äôt expecting it but to my surprise it was in the box. I definitely paid more then I would have wanted. But the product was in great condition and I don‚Äôt regret making the buy.,Good Condition
5,28-Jul-20,"Was delivered quickly and was exactly what we were looking for. Too bad the price is $130 more than what they originally sold for, but considering everyone wanted these during a pandemic, this was the best price I could find. I actually ordered one from another seller and they returned my money because they weren‚Äôt able to fulfill my order. I was very happy these guys were able to get the switch to me right away.","Great gaming console, brand new and fast delivery!"
5,28-Jul-20,"Works really well, and charges fast. Easy to set up for the most part. My only thing is that I feel like it's too expensive, but maybe that's just me.",Happy
5,27-Jul-20,Maravilloso,Muy bueno
1,25-Jul-20,Been waiting to find this and hurt to pay that much but I figured ‚Äúhey it‚Äôs going to come with a 32 GB card and my kids are going to love it why not?‚Äù The switch came but there was no 32 GB card in the box! Really irritated by this and the customer service that amazon gave me.,Ridiculous!
1,25-Jul-20,Device arrived with a malfunction. VDI external port did not work. Return the device and was given less than $200 for what I paid for. No explanation as to why the reduction. First time I have run into this situation. I do not recommend purchasing from this vendor.,It a good experience with Vendor.
5,25-Jul-20,We were so happy to find this console as NEW! They were sold out everywhere and my daughters bday couldn‚Äôt wait. It came before promised and we have had it for about6 weeks. No issues so far!,Bday surprise
5,25-Jul-20,Works amazing,Basically new
3,24-Jul-20,I am happy I have a switch finally but hate that it costs $200+ more than they‚Äôre worth. One thing to add on is I didn‚Äôt get the additional memory card like I paid for but saw other people had gotten theirs???,Cost sucks...make sure you get everything you pay extra $$ for
5,24-Jul-20,I am really having fun with. Great game!,Switch
4,23-Jul-20,"My switch came just as expected. Brand new, perfect working condition, and is the newer model in the red box. My memory card was included. I‚Äôve been hunting for one for months so I was willing to pay more at this point, but it‚Äôs a shame the way the prices are inflated. I‚Äôve heard of people getting scammed on amazon with switch consoles but luckily this was not the case. If you‚Äôre willing to pay more, then this is a good company to order from.","Brand New, but overpriced."
5,23-Jul-20,Received the red box (v2),Good except for the price
5,23-Jul-20,Too easy worth it,üî•
5,22-Jul-20,"I love it! It was fast and easy to set up, the price was a bit high. It came with everything plus a SD card (I wasn‚Äôt sure if it was included or not), it‚Äôs light and easy to use. The only think I didn‚Äôt like but isn‚Äôt a problem for me was the peg that pops out the back is hard for me to use but I figured it out üòÅ.",I Love Mine!
5,22-Jul-20,It came quick and at a great price tbh. Most people are saying it is expensive but they need to understand that this product is having a shortage and may be discontinued. It has a high demand right now and I am glad I could find one. Sold out at all GameStop‚Äôs and other stores. It was my daughter‚Äôs birthday gift and she loved it. Some people are charging 500+. Thank you so much for having this product at a great price and not over abusing the market.,Great price and product!
5,22-Jul-20,it suck,it was bad
5,21-Jul-20,"Thought it died but was operator error. Great product, kid loves it.",My kid Loved it
4,19-Jul-20,Huge birthday success even if it was over priced.,Birthday
4,18-Jul-20,Great,H
5,18-Jul-20,It arrived way earlier than expected! Which means I don‚Äôt have games for it yet. But It was easy to set up and everything and I‚Äôm really looking forward to playing it!,Arrived quick!
1,18-Jul-20,nintendo switch is 300,don‚Äôt buy
5,18-Jul-20,Worked as expected and arrived a little early than expected.,Good
3,17-Jul-20,I really dont  have anything bad to say the only thing I would say is the price and never recieved the memory card. Otherwise my son loves it and works well.,Never recieved the memory card
4,17-Jul-20,I'm not going to comment on price. Is what it is. Supply and demand. I had 2 concerns 1)Was I actually going to receive the product and 2) was it a V2? Yes. I did receive it and it was a V2.,It is real
1,15-Jul-20,Did not come with memory card.,Did not come with memory card
5,15-Jul-20,"Very good experience, recommended",Very good experience
5,14-Jul-20,Great product. I'm a long time gamer and Nintendo lover and this console delivers. Speaking of delivery it was projected to arrive like a week+ later than I got it. I know that kinda thing varies but seeing that it was delivered yesterday was an incredibly pleasant surprise to wake up to.,Great Console. Surprisingly fast arrival.
1,14-Jul-20,I absolutely loved the price.....yeah no only if you make as much as mario collecting coins on a bonus level.... Really?!,Lol
4,14-Jul-20,"I know this is overpriced.  I was OK with paying it.  Here is my only complaint, it did not come with the memory card.  So, it is not as described.  I could have purchased this lesser edition for $417.00.  However, I wanted the 32 GB video game with memory card, so I paid extra.  This is the first time ever I did not get what I paid for on Amazon. I did my homework.  I read the reviews.  I did see that one other person did not get the memory card.  So I guess I am not the only one who was taken advantage of.",Not exactly as advertised- Memory card not included
1,14-Jul-20,"Poor Quality Product and untrustworthy. I received a faulty item, tried to resolve problem with patients and left out to dry. With a very high price to start with on product , I ended up with less than in the end. Buyer beware!",Poor Quality Product and Untrustworthy.
5,12-Jul-20,"Honestly, I‚Äôm in love. I haven‚Äôt really had a real current-gen console since college (about a decade). I bought an old Wii a few years back just for some party games (wasn‚Äôt a fan) and messed around with 3DS casually here and there but things changed when I got a Switch. It‚Äôs just absolutely brought me fully back into the gaming world. All of the Nintendo branded games are solid winners. Mario Odyssey was an amazing and fun game to test the waters with, Zelda BotW is the deepest and best game I‚Äôve ever played, Astral Chain is awesome fun, Animal Crossing is causal and super relaxing, and there are SO many amazing ports from other consoles that it almost feels pointless getting any other system. If you want more serious/intense action RPGs Skyrim is massive, Assassin‚Äôs Creed is a blast, Dragon‚Äôs Dogma is an underrated classic, and there are endless other options. Also the best for multiplayer games - Super Smash, Mario Kart, Overcooked are some of my wife and I‚Äôs favorites. My friend lent me a PS4, and while the games are bigger and with better graphics, nothing really beats being able to play your game on the big screen then grab it and play it on the couch or on the go. So convenient, so good. Nintendo really nailed it on this one. Everything about it feels pretty perfectly designed. Battery life is about 4-5ish hours, just need to get a good sized micro-sd for digital games and you‚Äôre good to go. Seriously one of the best purchases I‚Äôve made in a long time (Note - I bought my Switch a month before Covid hit so I got it for the standard price of about $300 - avoid the price gouged $400-500 price tags. You can find it cheaper elsewhere or just wait for the price to go back down)",Simply The BEST Console
5,11-Jul-20,"I normally don‚Äôt pay this much for entertainment purposes, but it came it amazing condition, came a week early and is really easy to set up. I recommend it.",It‚Äôs expensive but worth it
1,9-Jul-20,"False advertisement, was suppose to come with a 32GB MicroSD card. But nowhere to be found, very disappointed... would not recommend",WOULD NOT RECOMMEND
5,8-Jul-20,I hate the fact that the price was raised so much but ü§∑üèª‚Äç‚ôÄÔ∏è. Product is great,Amazing
5,8-Jul-20,My daughter loves her switch it came in sooner than expected. 2 thumbs up.,Great timing
5,8-Jul-20,Overpriced but can‚Äôt find it any where else so sooo worth it! Love amazon!!,Worth it
5,7-Jul-20,Got it quick and it‚Äôs great,Awesome
5,7-Jul-20,Price was higher but we have been looking for months. We  finally caved after saving for awhile and paid the higher price tag. It was worth it. My fiance is happy. The Switch works perfectly. Thank you.,Supply and Demand. Great product just a higher tag.
5,6-Jul-20,"In the picture it shows the Nintendo switch, the left blue controller and the right red controller are the same height. It's showing a Nintendo switch but the launch version. After I purchase it I thought I bought the wrong one because when I checked back on the picture and it shows a picture of the older version. The newer version shows the right red controller sliding up a little bit. When the Nintendo switch arrived at my house I was happy to see that it was the correct one showing the right red controller sliding up. The Nintendo switch that shows the right red controller sliding up has an extra 23 hours of portable battery life. Definitely worth the $500. Even if it is an extra $200. You can't get mad at someone being smart enough to stock up to make a profit. at least it's not some of these people that are trying to sell them for $1000. I would suggest purchasing Super Mario Odyssey as a game to go with it. It also comes with a 32 gig micro SD card. The Nintendo switch only allows you to use certain micro SD cards. (32 gig micro SD HC is the one that comes with it) I normally would have probably bought the wrong memory card otherwise. My nephew is going to love it. Fun fact this is all because of a kid named Nate who created this thing called bird bot. Anytime as soon as a Nintendo switch was manufactured it would immediately be sold to whoever previously put their credit card info in using bird bot. Thanks Nate... #Nates_a_piece_of_shit_that_just_cost_me_an_extra_$200_but_I_ain't_mad_at_ya(2-Pac voice)",Don't wait till Christmas when it's a $1000 or sold out.
1,6-Jul-20,This is straight up price gouging. And the product could end up not working. If you don‚Äôt wanna pay an insane amount of extra money just wait.,Price gouging is horrible...
5,5-Jul-20,"Even though it is expensive than you can buy at the store, it is good item and has high quality.  If you can‚Äôt find this item at the store I recommend you buy from this seller.",Thank you so much.
5,5-Jul-20,Llego antes de tiempo,.
5,5-Jul-20,Nintendo,Nindento
1,5-Jul-20,Over priced,Price
5,3-Jul-20,Awesome product and super fast delivery.,A+ service
5,3-Jul-20,I bought this during the pandemic as a birthday gift for my 11 year old son. He wanted this game so much I paid more than double what it is worth but he was so happy he cried when we gave it to him. So for me it was worth it. It came new just as described. Came with memory card and works great. Thank u.,Worth it to me.
5,3-Jul-20,Shipped way faster then expected. Only took like 3 days. And it's the newer model that has a longer battery life FYI. I just played Animal Crossing on about 75% brightness for over 6 hours before the battery started getting critically low.,Shipped Fast!
1,2-Jul-20,"first off this was price gouged which is kinda understandable since Switches are in low supply right now but it was advertised as coming with an sd card and uh, mine didn‚Äôt come with an sd card. Also the box was pretty beat up and looked like it had been opened...",False advertising
1,30-Jun-20,Cost,Gauged
4,29-Jun-20,Great product even thought the price is doubled. Came in great condition,Awesome
1,29-Jun-20,Tried to purchase today for the 299 and every time it was clicked to add to cart it wouldn't let me... glitch in system made me not be able to get item needed. No one in Amazon help is able to help with the issue either. Tried via chat and phone.,Item gone/different price
5,28-Jun-20,Came as advertised and even though it did not say it would be in my hands in two days it was. No issues with the console or attachments.,Came as advertised
5,28-Jun-20,My daughter is so excited for this switch,Amazing and we'll worth the buy
5,27-Jun-20,I love this purchase so much. It came a little earlier which surprised me!,Purchase review
2,27-Jun-20,Price gouged so people who truly want one can get one at a cost. Arrived in great condition and as advertised.,price gouge
5,26-Jun-20,"For all the people upset about price, that is not a factor of the product. Reviews are about the product. This is the new Switch model with better battery life. Arrived as described new in box. Hated paying a premium but won't be thinking of that as I trade Pokemon with my kids and play Splatoon with them. Will update if anything changes.","New version, arrived quickly"
1,26-Jun-20,"No one should buy this under any circumstances, blatantly price gouging",Ridiculous and unethical
5,26-Jun-20,"Product was essentially brand new for the price of 500 total, post markups. Do with this information what you will.",Came in original packing
3,25-Jun-20,Getting a 3 star from me because of the outrageous price but it came in perfect condition and my kid loves it!!!,Price way too high!!!!!!
1,25-Jun-20,"Who‚Äôs paying $467 for a switch.  You are throwing your money away, do not buy this.",Robbery
1,24-Jun-20,Way too much for a switch!!!! I bought my og one for $300!!!,WAIT!!!!
5,23-Jun-20,"Aside from the price markup, all is good and it arrived as expected and everything seems complete. I was pleased that it was the (newer) red box Switch, and not the box pictured in the ad with the hand holding the grey box (older version). I got tired of checking Best But daily to only see everything sold out. My husband was happy and didn‚Äôt ask how much I paid!",New red box Switch!
5,23-Jun-20,Because of the current demand had to pay over the original sticker price but still really happy with it. Came fast with a bonus memory card and adapter(?) best purchase I made in awhile. :>,Loving it!
1,23-Jun-20,Everyone know the switch is only $300 right? I hope so,Price gouging
1,22-Jun-20,"Only an idiot would pay this price. Get real, losers. This is price gouging.",scam
1,22-Jun-20,Overpriced and 2017 version. Better to buy 2019 Version at retail price ($299).,Overpriced
5,21-Jun-20,good,perfect condition
5,21-Jun-20,My client purchased it and love it.,Switch
5,19-Jun-20,"$527.68 and yes in normal circumstances this switch would cost around $309 but evidently these are not normal circumstances. I see alot if people complaining about the price, but this is basic business practices 101, my mom is making mask and she had to raise the price because to many people were asking her to make them a custom mask lol, so either pay if you really want the product or don't. I was a little pissed but seeing my son's face when it was delivered made it all worth itüòä",EXPENSIVE BUT WORTH ITüí£üí•ü§ôüèæ
1,18-Jun-20,Price is too high lol...,Price
5,18-Jun-20,"Very happy to buy this Nintendo Switch from this seller ,2 Nintendo Switch very fast shipping everything as seller described. Thank you",Great product very fast shipping
5,17-Jun-20,The seller shipped super fast and it arrived 2 days. Loving this system! Seller service excellent!,Fast service.. great product
1,16-Jun-20,don't buy until it comes back down to the correct price,over priced
5,16-Jun-20,Great product! Came one day early too!,Perfect!!
1,16-Jun-20,My wife got me this for father's day. The system is cool and runs well but $500 is crazy yall out here scamming people big time.,Scam of the year
5,16-Jun-20,"Received the newer Nintendo Switch V2 new in all red box and everything was there as described and works great. Item was sent quickly, neatly and in great condition. Great seller, thanks so much!",This is the newer second version of Nintendo Switch
5,16-Jun-20,We got it a day early ! My son loved it. I don‚Äôt appreciate the price gouging but it‚Äôs worth it.,Worth the price
5,13-Jun-20,"Amazing, totally loving it",best product
5,13-Jun-20,"Came a little late. But it looks good. Haven‚Äôt turned it on yet. Came with 2 SD cards and a regular one and micro one for 32 g.  I believe that‚Äôs what your paying $178 extra for. Which is ridiculous, but it‚Äôs here. Will be a bday present for my son. They should of included a game for that price.","Overpriced, a game should have been in included for the price."
5,12-Jun-20,It was in perfect condition and I love it,Nintendo Switch
5,11-Jun-20,Came in a day eirly i no longer use my lite except for pokemon,Yee
1,11-Jun-20,PRICE GOUGING!!!!! A SWITCH DOES NOT COST AND IS NOT WORTH $477 THIS IS UNBELIEVABLE,Price gouged like mad
4,10-Jun-20,"Llego antes dd tiempo,hasta hora funciona perfectamente llevo 2 semanas con el despues veremos si le subo la 5 estrella",Buena calidad
5,9-Jun-20,Correct Description.,As Expected.
5,9-Jun-20,I bought this game for my 14 year old niece. She loved it! Thank you!,Great product
4,9-Jun-20,"Thank you Amazon for price gouging during this time of the pandemic. And thank you Nintendo for keeping supplies of the console limited to cause the price gouging. That being said, I broke down and purchased the console so I could enjoy playing with my kids/family. Everything arrived in a timely fashion and seems to work great.",Overpriced
1,9-Jun-20,The price is to over the real Price,Too much money
5,8-Jun-20,Came exactly as expected!! This was sold out everywhere and I have such a hard time convincing myself to buy such expensive things online...but I'm glad I did and so is my son! I know it made his day when it got here!,You can trust it...
1,6-Jun-20,Good thing this not an essential item or this would be price gouging!!!,Price gouging!!!
5,6-Jun-20,"Overpriced, however it was a gift for my daughter's birthday so I paid the exorbitant amount. For this pricing it should come with a game.","Great system, but overpriced"
1,6-Jun-20,People should be ashamed of themselves. This is price gouging,Price gouging
1,6-Jun-20,screen was cracked,screen was cracked
1,6-Jun-20,Stopped working the second day I bought it don‚Äôt buy!!!,Do not buy!!!
5,4-Jun-20,"Came before the estimated date, worth the price for convenience.",5 Star
1,3-Jun-20,prick,Price Gouging
1,3-Jun-20,Taking advantage of product shortage during pandemic.,$200 above retail price. Awful
1,3-Jun-20,This switch oldest versi√≥n (2017) please buy the 2019 versi√≥n is better,Un producto caro y enga√±oso
5,1-Jun-20,Came as advertised though I suspect it is very overpriced. I have heard there are major issues with these consoles being hoarded and resold this way. Shame.,Hated to support the seller. Platforms need to put a stop to this practice.
4,26-May-20,Bought this during lockdown fornthe Corona Virus. Overall it's worth every penny. The 32gb is great since I bought a lot of games for it and the screen protector was a nice bonus. Best way to kill all the down time.,üò∑ Corona Lockdown Gear ‚öô
2,20-May-20,"The product seems fine, it went to a group home for Autistic Young Adults to try to keep them busy during Covid-19. It has helped my son at his group home, I just dislike that someone would double the price on anything online during this time. The sellers right to do it, it was good to know it helped them, just didn‚Äôt like having to support someone that does that.",I disliked buying this product from seller because it was double the price!
4,7-May-20,"Price is higher than retail, agreed, if you want it now, great seller at a price point for today‚Äôs environment. Hated to spend the addition $$, however, they have the product and it was delivered as advertised. Thought about going with the light which Best Buy may have had  delivered on June first. Not a good choice for us.",Product as described
1,3-May-20,Overpriced and looks like fake reviews on May1st,Overpriced resellers
5,3-May-20,Thank you for your quick service! My daughter loved her birthday present!,Best gift this year
1,3-May-20,This product is way too expensive and shouldn't have the price raised 200 dollars because everyone wants it.,Price is top high
1,2-May-20,The switch is normally $299,Price Gouging
5,1-May-20,Easy set up üòç my niece loves it,Awesome
5,1-May-20,Love the new Nintendo switch came quick with no damage and runs great,Nintendo Switch
5,1-May-20,Probably a bad idea to get a Switch and Animal Crossing during final exams. I never want to put it down!,"Shipped fast, already having fun!"
5,29-Apr-20,Shipping was fast and the product was received in flawless condition. Works perfectly and my family loves it!,Awesome product
5,26-Apr-20,My daughter loved,Faster delivery
5,25-Apr-20,Great Buy! Came packaged securely and worked/looked perfect.,Great buy
5,25-Apr-20,It arrived way before the date. My children haven‚Äôt put it down since we got it!,Quick and easy
1,9-Apr-20,The Nintendo is cool and all but I got price gouged hard on it. I promised my kid one for Quarantine. Apparently people have been buying them out to resell on ebay and Amazon. I am one of those victims.,I got price gouged
1,3-Apr-20,"I like the Switch Console and even with its quirks, at $299 it's fairly priced and hopefully will be again when the demand goes down.  It's nowhere nearly as powerful as what Playstation and Xbox offer but it's so much more flexible that it can get away with a $300 price tag.  $450 though?  No, not worth it at all.",Good Console at $299.  Junk at This Price Gouge
1,16-Mar-20,"man, every time the switch goes back in stock its up for like, five seconds and then goes out of stock again :) i‚Äôve been trying to get one for the past three days and its impossible! every time i get close to ordering it, the page redirects me and tells me the item is no longer in stock. sucks but at this rate i would rather buy a regular switch than pay the bloated scalper price. which is a shame but what can you do.",keeps getting sold out
1,15-Mar-20,Mass buying and reselling at high prices should be frowned upon,Reselling at higher prices
1,15-Mar-20,The price is disgusting!,Gross
5,14-Mar-20,"Please whatever you do, don‚Äôt pay their ridiculous 200+ price for the same exact (NOTHING DIFFERENT) product only because they had money lying around for this exact reason. It‚Äôs sad and pathetic seeing scalpers buy things in bulk just to resell at a ridiculous product just because they have more money to spend than everyone else. It‚Äôs toxic and should be illegal. I managed to buy mine at Best Buy for my girlfriend and it‚Äôs exactly what an animal crossing fan would love, aside from not including the game, which isn‚Äôt too bad because then you can decide if you want it physical for the cover art or digital without having to worry of loosing the game. I know we all want to have one right now or at least when we get animal crossing so that it feels more special when playing it but if you can wait, then wait. Voice your concerns to Nintendo and Amazon",AVOID SCALPERS
1,14-Mar-20,Way overpriced. Joycons are flimsy. Standard Switch is $300 and yet it can only be bought for $500. Nintendo get your act together.,Dont waste your money
5,5-Feb-20,‚ù§Ô∏è,‚ù§Ô∏è
5,2-Jan-20,Great system!,Great system!!
5,10-Nov-19,My son loves his switch!,The Switch is very diverse and travel friendly!
5,11-Oct-19,I love it,Amazing
1,7-Sep-19,"Wow how disappointing dont buy this until they get this improved, older version of this is better in my opinion. The newer version gave me 8+ crashes of system and game crashes leading up to finally unable to play this system having to return this system ,what a horrible experience this was. Being a big Nintendo switch player what a great disappointment this was. Hopefully they improve this newer version system to where this does not happen again or to someone else.",Disappointing
5,6-Sep-19,"This is my review of the 'V2' (2019) version of the Nintendo Switch (model #HAC-001(-01)). So a little background, I was a enthusiastic PC gamer in college who built my own PCs for the purpose and am now - due to the demands of adulthood - someone who only plays the occasional game. My last handheld Nintendo console was the black and white Game Boy Pocket in the early 90's, so I've been away from the platform ---- a while. I bought the Switch purely because I learned they had ported Skyrim to it, and as a huge fan of the Elder Scrolls genre I was hoping to devote some of my train commute to questing around Tamriel. In this sense, the Switch does not disappoint. I am not a graphics connoisseur, but - compared to the PC version - Skryim plays really well on the Switch. No perceptible lag, colors are crisp. Yes, it's missing the expansions and yes, the text can be a little small, but that's a fair trade-off for the portability this platform brings. So far, I only own 2 games - Skyrim and MarioKart 8 (another throwback to my college dorm days on the N64), and I love playing both on the Switch, MaroKart is obviously the newer game and so the graphics and gameplay are much better but I'm a still a sucker for Skyrim (at least until the next ES is released, hopefully in my lifetime). Anyway, all this to say the Nintendo Switch is a great console for busy adults who want to reminisce about the fun they had 10, 20, or even 30 years ago. The Switch doesn't take itself too seriously (which I love) but that means it might not be the right choice for people concerned with the perfect graphic or gameplay experience - there are dedicated consoles that do this much better. What the Switch does is make gaming on the go effortless, fun for the average busy person and something you can really enjoy with your whole family - which I think was Nintendo's real goal here all along.",Love the Switch - A Casual Gamer's Best Console
2,23-Aug-19,"Everything about the physical device, i feel like is pretty well made. Good set up, some minor future issues that are mitigated by screen protectors and similar. Several easy to work with ways to play it, kinda fun in its novelties on its build. My issue? 1) games are ridiculously expensive. So many are over priced. 2) Online play required by Nintendo for a not good service is poor. Especially for things like minecraft. 3) Where are any older games. The games that Nintendo has no need to keep out of the store. The old pokemon, Zelda games, or any games really. Like, great you are putting witcher 3 on there...But not Orignal Zelda and Ocherina of time? Physical? Great! Nintendo online and games? Bad. 1 or 2 games does not make the switch worth buying. PC has better prices, easier to work with, and you can play almost any game out there.",The device is great. The everything else is not.